ID,product_ID,fromWarehouse_ID,toWarehouse_ID,fromLocation_ID,toLocation_ID,quantity,type,reference,movementDate,note,createdAt,createdBy,modifiedAt,modifiedBy
00000009-0000-4000-8000-000000000001,00000002-0000-4000-8000-000000000001,,00000003-0000-4000-8000-000000000001,,00000004-0000-4000-8000-000000000001,100,RECEIPT,PO-2026-0001,2026-08-25T10:00:00Z,Full purchase order receipt,2026-09-01T09:00:00Z,seed,2026-09-01T09:00:00Z,seed
00000009-0000-4000-8000-000000000002,00000002-0000-4000-8000-000000000002,,00000003-0000-4000-8000-000000000001,,00000004-0000-4000-8000-000000000001,120,RECEIPT,PO-2026-0001,2026-08-25T10:00:00Z,Full purchase order receipt,2026-09-01T09:00:00Z,seed,2026-09-01T09:00:00Z,seed
00000009-0000-4000-8000-000000000003,00000002-0000-4000-8000-000000000003,,00000003-0000-4000-8000-000000000001,,00000004-0000-4000-8000-000000000001,30,RECEIPT,PO-2026-0001,2026-08-25T10:00:00Z,Full purchase order receipt,2026-09-01T09:00:00Z,seed,2026-09-01T09:00:00Z,seed
00000009-0000-4000-8000-000000000004,00000002-0000-4000-8000-000000000004,,00000003-0000-4000-8000-000000000001,,00000004-0000-4000-8000-000000000002,1000,RECEIPT,PO-2026-0002,2026-08-25T10:00:00Z,Full purchase order receipt,2026-09-01T09:00:00Z,seed,2026-09-01T09:00:00Z,seed
00000009-0000-4000-8000-000000000005,00000002-0000-4000-8000-000000000005,,00000003-0000-4000-8000-000000000001,,00000004-0000-4000-8000-000000000002,200,RECEIPT,PO-2026-0002,2026-08-25T10:00:00Z,Full purchase order receipt,2026-09-01T09:00:00Z,seed,2026-09-01T09:00:00Z,seed
00000009-0000-4000-8000-000000000006,00000002-0000-4000-8000-000000000006,,00000003-0000-4000-8000-000000000001,,00000004-0000-4000-8000-000000000002,60,RECEIPT,PO-2026-0002,2026-08-25T10:00:00Z,Full purchase order receipt,2026-09-01T09:00:00Z,seed,2026-09-01T09:00:00Z,seed
00000009-0000-4000-8000-000000000007,00000002-0000-4000-8000-000000000007,,00000003-0000-4000-8000-000000000001,,00000004-0000-4000-8000-000000000003,160,RECEIPT,PO-2026-0003,2026-08-25T10:00:00Z,Full purchase order receipt,2026-09-01T09:00:00Z,seed,2026-09-01T09:00:00Z,seed
00000009-0000-4000-8000-000000000008,00000002-0000-4000-8000-000000000008,,00000003-0000-4000-8000-000000000001,,00000004-0000-4000-8000-000000000003,80,RECEIPT,PO-2026-0003,2026-08-25T10:00:00Z,Full purchase order receipt,2026-09-01T09:00:00Z,seed,2026-09-01T09:00:00Z,seed
00000009-0000-4000-8000-000000000009,00000002-0000-4000-8000-000000000009,,00000003-0000-4000-8000-000000000001,,00000004-0000-4000-8000-000000000003,50,RECEIPT,PO-2026-0003,2026-08-25T10:00:00Z,Full purchase order receipt,2026-09-01T09:00:00Z,seed,2026-09-01T09:00:00Z,seed
00000009-0000-4000-8000-000000000010,00000002-0000-4000-8000-000000000001,00000003-0000-4000-8000-000000000001,00000003-0000-4000-8000-000000000002,00000004-0000-4000-8000-000000000001,00000004-0000-4000-8000-000000000004,30,TRANSFER,TRF-2026-0001,2026-08-26T10:00:00Z,Replenish south fulfillment center,2026-09-01T09:00:00Z,seed,2026-09-01T09:00:00Z,seed
00000009-0000-4000-8000-000000000011,00000002-0000-4000-8000-000000000002,00000003-0000-4000-8000-000000000001,00000003-0000-4000-8000-000000000002,00000004-0000-4000-8000-000000000001,00000004-0000-4000-8000-000000000004,40,TRANSFER,TRF-2026-0002,2026-08-26T10:00:00Z,Replenish south fulfillment center,2026-09-01T09:00:00Z,seed,2026-09-01T09:00:00Z,seed
00000009-0000-4000-8000-000000000012,00000002-0000-4000-8000-000000000003,00000003-0000-4000-8000-000000000001,00000003-0000-4000-8000-000000000002,00000004-0000-4000-8000-000000000001,00000004-0000-4000-8000-000000000004,10,TRANSFER,TRF-2026-0003,2026-08-26T10:00:00Z,Replenish south fulfillment center,2026-09-01T09:00:00Z,seed,2026-09-01T09:00:00Z,seed
00000009-0000-4000-8000-000000000013,00000002-0000-4000-8000-000000000004,00000003-0000-4000-8000-000000000001,00000003-0000-4000-8000-000000000002,00000004-0000-4000-8000-000000000002,00000004-0000-4000-8000-000000000005,300,TRANSFER,TRF-2026-0004,2026-08-26T10:00:00Z,Replenish south fulfillment center,2026-09-01T09:00:00Z,seed,2026-09-01T09:00:00Z,seed
00000009-0000-4000-8000-000000000014,00000002-0000-4000-8000-000000000005,00000003-0000-4000-8000-000000000001,00000003-0000-4000-8000-000000000002,00000004-0000-4000-8000-000000000002,00000004-0000-4000-8000-000000000005,60,TRANSFER,TRF-2026-0005,2026-08-26T10:00:00Z,Replenish south fulfillment center,2026-09-01T09:00:00Z,seed,2026-09-01T09:00:00Z,seed
00000009-0000-4000-8000-000000000015,00000002-0000-4000-8000-000000000006,00000003-0000-4000-8000-000000000001,00000003-0000-4000-8000-000000000002,00000004-0000-4000-8000-000000000002,00000004-0000-4000-8000-000000000005,20,TRANSFER,TRF-2026-0006,2026-08-26T10:00:00Z,Replenish south fulfillment center,2026-09-01T09:00:00Z,seed,2026-09-01T09:00:00Z,seed
00000009-0000-4000-8000-000000000016,00000002-0000-4000-8000-000000000007,00000003-0000-4000-8000-000000000001,00000003-0000-4000-8000-000000000002,00000004-0000-4000-8000-000000000003,00000004-0000-4000-8000-000000000006,50,TRANSFER,TRF-2026-0007,2026-08-26T10:00:00Z,Replenish south fulfillment center,2026-09-01T09:00:00Z,seed,2026-09-01T09:00:00Z,seed
00000009-0000-4000-8000-000000000017,00000002-0000-4000-8000-000000000008,00000003-0000-4000-8000-000000000001,00000003-0000-4000-8000-000000000002,00000004-0000-4000-8000-000000000003,00000004-0000-4000-8000-000000000006,25,TRANSFER,TRF-2026-0008,2026-08-26T10:00:00Z,Replenish south fulfillment center,2026-09-01T09:00:00Z,seed,2026-09-01T09:00:00Z,seed
00000009-0000-4000-8000-000000000018,00000002-0000-4000-8000-000000000009,00000003-0000-4000-8000-000000000001,00000003-0000-4000-8000-000000000002,00000004-0000-4000-8000-000000000003,00000004-0000-4000-8000-000000000006,15,TRANSFER,TRF-2026-0009,2026-08-26T10:00:00Z,Replenish south fulfillment center,2026-09-01T09:00:00Z,seed,2026-09-01T09:00:00Z,seed
00000009-0000-4000-8000-000000000019,00000002-0000-4000-8000-000000000001,00000003-0000-4000-8000-000000000002,,00000004-0000-4000-8000-000000000004,,15,ISSUE,SHIP-2026-0001,2026-08-27T14:00:00Z,Customer shipment,2026-09-01T09:00:00Z,seed,2026-09-01T09:00:00Z,seed
00000009-0000-4000-8000-000000000020,00000002-0000-4000-8000-000000000002,00000003-0000-4000-8000-000000000002,,00000004-0000-4000-8000-000000000004,,20,ISSUE,SHIP-2026-0002,2026-08-27T14:00:00Z,Customer shipment,2026-09-01T09:00:00Z,seed,2026-09-01T09:00:00Z,seed
00000009-0000-4000-8000-000000000021,00000002-0000-4000-8000-000000000003,00000003-0000-4000-8000-000000000002,,00000004-0000-4000-8000-000000000004,,6,ISSUE,SHIP-2026-0003,2026-08-27T14:00:00Z,Customer shipment,2026-09-01T09:00:00Z,seed,2026-09-01T09:00:00Z,seed
00000009-0000-4000-8000-000000000022,00000002-0000-4000-8000-000000000004,00000003-0000-4000-8000-000000000002,,00000004-0000-4000-8000-000000000005,,230,ISSUE,SHIP-2026-0004,2026-08-27T14:00:00Z,Customer shipment,2026-09-01T09:00:00Z,seed,2026-09-01T09:00:00Z,seed
00000009-0000-4000-8000-000000000023,00000002-0000-4000-8000-000000000005,00000003-0000-4000-8000-000000000002,,00000004-0000-4000-8000-000000000005,,20,ISSUE,SHIP-2026-0005,2026-08-27T14:00:00Z,Customer shipment,2026-09-01T09:00:00Z,seed,2026-09-01T09:00:00Z,seed
00000009-0000-4000-8000-000000000024,00000002-0000-4000-8000-000000000006,00000003-0000-4000-8000-000000000002,,00000004-0000-4000-8000-000000000005,,15,ISSUE,SHIP-2026-0006,2026-08-27T14:00:00Z,Customer shipment,2026-09-01T09:00:00Z,seed,2026-09-01T09:00:00Z,seed
00000009-0000-4000-8000-000000000025,00000002-0000-4000-8000-000000000007,00000003-0000-4000-8000-000000000002,,00000004-0000-4000-8000-000000000006,,20,ISSUE,SHIP-2026-0007,2026-08-27T14:00:00Z,Customer shipment,2026-09-01T09:00:00Z,seed,2026-09-01T09:00:00Z,seed
00000009-0000-4000-8000-000000000026,00000002-0000-4000-8000-000000000008,00000003-0000-4000-8000-000000000002,,00000004-0000-4000-8000-000000000006,,10,ISSUE,SHIP-2026-0008,2026-08-27T14:00:00Z,Customer shipment,2026-09-01T09:00:00Z,seed,2026-09-01T09:00:00Z,seed
00000009-0000-4000-8000-000000000027,00000002-0000-4000-8000-000000000009,00000003-0000-4000-8000-000000000002,,00000004-0000-4000-8000-000000000006,,7,ISSUE,SHIP-2026-0009,2026-08-27T14:00:00Z,Customer shipment,2026-09-01T09:00:00Z,seed,2026-09-01T09:00:00Z,seed
