ID,locale,name
00000004-0000-4000-8000-000000000001,en,Electronics Storage
00000004-0000-4000-8000-000000000002,en,Packaging Storage
00000004-0000-4000-8000-000000000003,en,Safety and Tools Storage
00000004-0000-4000-8000-000000000004,en,Electronics Storage
00000004-0000-4000-8000-000000000005,en,Packaging Storage
00000004-0000-4000-8000-000000000006,en,Safety and Tools Storage
00000004-0000-4000-8000-000000000001,uz,Elektronika saqlash joyi
00000004-0000-4000-8000-000000000002,uz,Qadoqlash materiallarini saqlash joyi
00000004-0000-4000-8000-000000000003,uz,Himoya vositalari va asboblarni saqlash joyi
00000004-0000-4000-8000-000000000004,uz,Elektronika saqlash joyi
00000004-0000-4000-8000-000000000005,uz,Qadoqlash materiallarini saqlash joyi
00000004-0000-4000-8000-000000000006,uz,Himoya vositalari va asboblarni saqlash joyi
00000004-0000-4000-8000-000000000001,fr,Stockage des équipements électroniques
00000004-0000-4000-8000-000000000002,fr,Stockage des emballages
00000004-0000-4000-8000-000000000003,fr,Stockage des équipements de protection et des outils
00000004-0000-4000-8000-000000000004,fr,Stockage des équipements électroniques
00000004-0000-4000-8000-000000000005,fr,Stockage des emballages
00000004-0000-4000-8000-000000000006,fr,Stockage des équipements de protection et des outils
00000004-0000-4000-8000-000000000001,es,Almacenamiento de equipos electrónicos
00000004-0000-4000-8000-000000000002,es,Almacenamiento de embalajes
00000004-0000-4000-8000-000000000003,es,Almacenamiento de equipos de protección y herramientas
00000004-0000-4000-8000-000000000004,es,Almacenamiento de equipos electrónicos
00000004-0000-4000-8000-000000000005,es,Almacenamiento de embalajes
00000004-0000-4000-8000-000000000006,es,Almacenamiento de equipos de protección y herramientas
