ID,locale,name,description
00000001-0000-4000-8000-000000000001,en,Electronics,Computer accessories and office electronics
00000001-0000-4000-8000-000000000002,en,Packaging,Shipping and protective packaging supplies
00000001-0000-4000-8000-000000000003,en,Safety Equipment,Personal protective equipment for warehouse staff
00000001-0000-4000-8000-000000000004,en,Tools,Tools used for warehouse maintenance
00000001-0000-4000-8000-000000000001,uz,Elektronika,Kompyuter aksessuarlari va ofis elektronikasi
00000001-0000-4000-8000-000000000002,uz,Qadoqlash,Joʻnatish va himoyalovchi qadoqlash materiallari
00000001-0000-4000-8000-000000000003,uz,Himoya vositalari,Ombor xodimlari uchun shaxsiy himoya vositalari
00000001-0000-4000-8000-000000000004,uz,Asboblar,Omborga texnik xizmat koʻrsatish uchun asboblar
00000001-0000-4000-8000-000000000001,fr,Électronique,Accessoires informatiques et équipements électroniques de bureau
00000001-0000-4000-8000-000000000002,fr,Emballage,Fournitures d’expédition et d’emballage de protection
00000001-0000-4000-8000-000000000003,fr,Équipements de protection,Équipements de protection individuelle pour le personnel de l’entrepôt
00000001-0000-4000-8000-000000000004,fr,Outils,Outils utilisés pour l’entretien de l’entrepôt
00000001-0000-4000-8000-000000000001,es,Electrónica,Accesorios informáticos y equipos electrónicos de oficina
00000001-0000-4000-8000-000000000002,es,Embalaje,Materiales de envío y embalaje protector
00000001-0000-4000-8000-000000000003,es,Equipos de protección,Equipos de protección individual para el personal del almacén
00000001-0000-4000-8000-000000000004,es,Herramientas,Herramientas utilizadas para el mantenimiento del almacén
