ID,stockKeepingUnit,name,description,category_ID,unitPrice,unit,minimumStock,active,createdAt,createdBy,modifiedAt,modifiedBy
00000002-0000-4000-8000-000000000001,ELEC-KBD-001,USB Keyboard,USB Keyboard for warehouse and fulfillment operations,00000001-0000-4000-8000-000000000001,29.90,piece,20,true,2026-09-01T09:00:00Z,seed,2026-09-01T09:00:00Z,seed
00000002-0000-4000-8000-000000000002,ELEC-MSE-001,Wireless Mouse,Wireless Mouse for warehouse and fulfillment operations,00000001-0000-4000-8000-000000000001,19.50,piece,25,true,2026-09-01T09:00:00Z,seed,2026-09-01T09:00:00Z,seed
00000002-0000-4000-8000-000000000003,ELEC-SCN-001,Barcode Scanner,Barcode Scanner for warehouse and fulfillment operations,00000001-0000-4000-8000-000000000001,89.00,piece,10,true,2026-09-01T09:00:00Z,seed,2026-09-01T09:00:00Z,seed
00000002-0000-4000-8000-000000000004,PACK-BOX-001,Medium Shipping Box,Medium Shipping Box for warehouse and fulfillment operations,00000001-0000-4000-8000-000000000002,1.25,piece,100,true,2026-09-01T09:00:00Z,seed,2026-09-01T09:00:00Z,seed
00000002-0000-4000-8000-000000000005,PACK-TAPE-001,Packing Tape,Packing Tape for warehouse and fulfillment operations,00000001-0000-4000-8000-000000000002,2.80,roll,50,true,2026-09-01T09:00:00Z,seed,2026-09-01T09:00:00Z,seed
00000002-0000-4000-8000-000000000006,PACK-WRAP-001,Stretch Wrap,Stretch Wrap for warehouse and fulfillment operations,00000001-0000-4000-8000-000000000002,12.50,roll,20,true,2026-09-01T09:00:00Z,seed,2026-09-01T09:00:00Z,seed
00000002-0000-4000-8000-000000000007,SAFE-GLV-001,Work Gloves,Work Gloves for warehouse and fulfillment operations,00000001-0000-4000-8000-000000000003,6.50,pair,40,true,2026-09-01T09:00:00Z,seed,2026-09-01T09:00:00Z,seed
00000002-0000-4000-8000-000000000008,SAFE-VST-001,High Visibility Vest,High Visibility Vest for warehouse and fulfillment operations,00000001-0000-4000-8000-000000000003,9.90,piece,20,true,2026-09-01T09:00:00Z,seed,2026-09-01T09:00:00Z,seed
00000002-0000-4000-8000-000000000009,TOOL-KNF-001,Safety Utility Knife,Safety Utility Knife for warehouse and fulfillment operations,00000001-0000-4000-8000-000000000004,7.25,piece,15,true,2026-09-01T09:00:00Z,seed,2026-09-01T09:00:00Z,seed
00000002-0000-4000-8000-000000000010,TOOL-SCN-OLD,Legacy Scanner Stand,Legacy Scanner Stand for warehouse and fulfillment operations,00000001-0000-4000-8000-000000000004,14.00,piece,0,false,2026-09-01T09:00:00Z,seed,2026-09-01T09:00:00Z,seed
