ID,product_ID,warehouse_ID,location_ID,quantity,reservedQuantity,createdAt,createdBy,modifiedAt,modifiedBy
00000008-0000-4000-8000-000000000001,00000002-0000-4000-8000-000000000001,00000003-0000-4000-8000-000000000001,00000004-0000-4000-8000-000000000001,70,10,2026-09-01T09:00:00Z,seed,2026-09-01T09:00:00Z,seed
00000008-0000-4000-8000-000000000002,00000002-0000-4000-8000-000000000001,00000003-0000-4000-8000-000000000002,00000004-0000-4000-8000-000000000004,15,5,2026-09-01T09:00:00Z,seed,2026-09-01T09:00:00Z,seed
00000008-0000-4000-8000-000000000003,00000002-0000-4000-8000-000000000002,00000003-0000-4000-8000-000000000001,00000004-0000-4000-8000-000000000001,80,10,2026-09-01T09:00:00Z,seed,2026-09-01T09:00:00Z,seed
00000008-0000-4000-8000-000000000004,00000002-0000-4000-8000-000000000002,00000003-0000-4000-8000-000000000002,00000004-0000-4000-8000-000000000004,20,5,2026-09-01T09:00:00Z,seed,2026-09-01T09:00:00Z,seed
00000008-0000-4000-8000-000000000005,00000002-0000-4000-8000-000000000003,00000003-0000-4000-8000-000000000001,00000004-0000-4000-8000-000000000001,20,10,2026-09-01T09:00:00Z,seed,2026-09-01T09:00:00Z,seed
00000008-0000-4000-8000-000000000006,00000002-0000-4000-8000-000000000003,00000003-0000-4000-8000-000000000002,00000004-0000-4000-8000-000000000004,4,4,2026-09-01T09:00:00Z,seed,2026-09-01T09:00:00Z,seed
00000008-0000-4000-8000-000000000007,00000002-0000-4000-8000-000000000004,00000003-0000-4000-8000-000000000001,00000004-0000-4000-8000-000000000002,700,10,2026-09-01T09:00:00Z,seed,2026-09-01T09:00:00Z,seed
00000008-0000-4000-8000-000000000008,00000002-0000-4000-8000-000000000004,00000003-0000-4000-8000-000000000002,00000004-0000-4000-8000-000000000005,70,5,2026-09-01T09:00:00Z,seed,2026-09-01T09:00:00Z,seed
00000008-0000-4000-8000-000000000009,00000002-0000-4000-8000-000000000005,00000003-0000-4000-8000-000000000001,00000004-0000-4000-8000-000000000002,140,10,2026-09-01T09:00:00Z,seed,2026-09-01T09:00:00Z,seed
00000008-0000-4000-8000-000000000010,00000002-0000-4000-8000-000000000005,00000003-0000-4000-8000-000000000002,00000004-0000-4000-8000-000000000005,40,5,2026-09-01T09:00:00Z,seed,2026-09-01T09:00:00Z,seed
00000008-0000-4000-8000-000000000011,00000002-0000-4000-8000-000000000006,00000003-0000-4000-8000-000000000001,00000004-0000-4000-8000-000000000002,40,10,2026-09-01T09:00:00Z,seed,2026-09-01T09:00:00Z,seed
00000008-0000-4000-8000-000000000012,00000002-0000-4000-8000-000000000006,00000003-0000-4000-8000-000000000002,00000004-0000-4000-8000-000000000005,5,5,2026-09-01T09:00:00Z,seed,2026-09-01T09:00:00Z,seed
00000008-0000-4000-8000-000000000013,00000002-0000-4000-8000-000000000007,00000003-0000-4000-8000-000000000001,00000004-0000-4000-8000-000000000003,110,10,2026-09-01T09:00:00Z,seed,2026-09-01T09:00:00Z,seed
00000008-0000-4000-8000-000000000014,00000002-0000-4000-8000-000000000007,00000003-0000-4000-8000-000000000002,00000004-0000-4000-8000-000000000006,30,5,2026-09-01T09:00:00Z,seed,2026-09-01T09:00:00Z,seed
00000008-0000-4000-8000-000000000015,00000002-0000-4000-8000-000000000008,00000003-0000-4000-8000-000000000001,00000004-0000-4000-8000-000000000003,55,10,2026-09-01T09:00:00Z,seed,2026-09-01T09:00:00Z,seed
00000008-0000-4000-8000-000000000016,00000002-0000-4000-8000-000000000008,00000003-0000-4000-8000-000000000002,00000004-0000-4000-8000-000000000006,15,5,2026-09-01T09:00:00Z,seed,2026-09-01T09:00:00Z,seed
00000008-0000-4000-8000-000000000017,00000002-0000-4000-8000-000000000009,00000003-0000-4000-8000-000000000001,00000004-0000-4000-8000-000000000003,35,10,2026-09-01T09:00:00Z,seed,2026-09-01T09:00:00Z,seed
00000008-0000-4000-8000-000000000018,00000002-0000-4000-8000-000000000009,00000003-0000-4000-8000-000000000002,00000004-0000-4000-8000-000000000006,8,5,2026-09-01T09:00:00Z,seed,2026-09-01T09:00:00Z,seed
00000008-0000-4000-8000-000000000019,00000002-0000-4000-8000-000000000010,00000003-0000-4000-8000-000000000001,00000004-0000-4000-8000-000000000003,0,0,2026-09-01T09:00:00Z,seed,2026-09-01T09:00:00Z,seed
