ID,order_ID,product_ID,quantity,unitPrice
00000007-0000-4000-8000-000000000001,00000006-0000-4000-8000-000000000001,00000002-0000-4000-8000-000000000001,100,29.90
00000007-0000-4000-8000-000000000002,00000006-0000-4000-8000-000000000001,00000002-0000-4000-8000-000000000002,120,19.50
00000007-0000-4000-8000-000000000003,00000006-0000-4000-8000-000000000001,00000002-0000-4000-8000-000000000003,30,89.00
00000007-0000-4000-8000-000000000004,00000006-0000-4000-8000-000000000002,00000002-0000-4000-8000-000000000004,1000,1.25
00000007-0000-4000-8000-000000000005,00000006-0000-4000-8000-000000000002,00000002-0000-4000-8000-000000000005,200,2.80
00000007-0000-4000-8000-000000000006,00000006-0000-4000-8000-000000000002,00000002-0000-4000-8000-000000000006,60,12.50
00000007-0000-4000-8000-000000000007,00000006-0000-4000-8000-000000000003,00000002-0000-4000-8000-000000000007,160,6.50
00000007-0000-4000-8000-000000000008,00000006-0000-4000-8000-000000000003,00000002-0000-4000-8000-000000000008,80,9.90
00000007-0000-4000-8000-000000000009,00000006-0000-4000-8000-000000000003,00000002-0000-4000-8000-000000000009,50,7.25
00000007-0000-4000-8000-000000000010,00000006-0000-4000-8000-000000000004,00000002-0000-4000-8000-000000000001,50,29.90
00000007-0000-4000-8000-000000000011,00000006-0000-4000-8000-000000000004,00000002-0000-4000-8000-000000000003,20,89.00
00000007-0000-4000-8000-000000000012,00000006-0000-4000-8000-000000000005,00000002-0000-4000-8000-000000000004,500,1.25
00000007-0000-4000-8000-000000000013,00000006-0000-4000-8000-000000000005,00000002-0000-4000-8000-000000000005,100,2.80
00000007-0000-4000-8000-000000000014,00000006-0000-4000-8000-000000000006,00000002-0000-4000-8000-000000000007,80,6.50
00000007-0000-4000-8000-000000000015,00000006-0000-4000-8000-000000000006,00000002-0000-4000-8000-000000000008,40,9.90
